id,Name,Surname,Email,Date_of_birth,Gender,Nation,Home_address,Mobile_tel_number,Tel_number_for_report_back,Accomodation_during_competition,Paraglider_manufacturer,Paraglider_model,Paraglider_color,Paraglider_certification,Sponsor,Fai_license_number,Civl_id,National_federation_license_id,Club,Team,T-shirt_size,Insurance_company,Insurance_policy_number,Your_name_in_national_alphabet,Person_to_contact_in_case_of_emergency,Contact_phone_number_in_case_of_emergency,Blood_type,Confirmation_status,Registration_time
325,Tavis,Gustafson,tavisg@gmail.com,25.03.1978,Male,USA,2805 Kelton Ave,+13103099240,,,UP,Trango XC3,Lime / Blue,EN-C,Eagle Paragliding,H89043,37743,118278,,,M,HCC,E91219605,Troy Gustafson,Victoria King,+1 802 229 4674,A(II)-,Confirmed,12.05.2015 18:22:43
3,Alex,Colby,alex.colby@gmail.com,14.02.1964,Male,USA,"53-370F Kam Hwy, Hauula, HI 96717",+18082230144,+18082230144,,UP,TrangoXC3,Orange/Petrol,EN-C,,,,,,,L,UHA,808923063-01,Alex Colby,"Dorothy Colby, Wife",+18082217105,O(I)-,Confirmed,14.05.2015 22:36:06
657,William,Hudson,aerobill57@hotmail.com,06.04.1957,Male,ECU,"Oe4-128 de las Alcabalas, Dpto. 301",+593998501715,,,Niviuk,Artik 4,"red, green, black",EN-C,,10148.0,31968,,,,M,SAMBA CIGNA (USA),566822766,William D Hudson III,"Fatima Hudson, spouse",+593-992743941,O(I)+,Confirmed,31.07.2015 19:37:19
907,Matt,Bonney,matt.bonney.ak@gmail.com,10.11.1975,Male,USA,7349 Feather Pl,+19079520708,,,Ozone,Alpina2,Red/White/Blue,EN-C,,114152,16817,,ArcticAirWalkers,Alaska,M,Aetna,W1182 61596,Matthew Bonney,Leigh Anne Bonney,+19072421329,I don't know,Confirmed,09.07.2015 18:29:42
181,James,Thompson,jamesflys@gmail.com,22.01.1956,Male,AUS,PO Box 3033,+61418686199,,,Niviuk,Icepeack 6,White/ Grey,EN-D,Summitoxygen.com,17902,559,,Newcastle Paragliding Club,,L,nil,0,James Thompson,Peter Thompson,+61243465000,A(II)+,Confirmed,22.05.2015 13:27:28
22,Greg,Fackrell,gregfackrell@gmail.com,02.07.1984,Male,USA,15269 Steep Mountain Dr,+18017255918,+18017255918,RV in RV park,Ozone,Delta 2,black and white,EN-C,,,,,,,L,Select Health,801037743,Greg Fackrell,Jacob Fackrell,+18015980961,O(I)-,Confirmed,01.08.2015 02:35:00
150,Gregory,Kelley,paraglidevail@hotmail.com,15.10.1959,Male,USA,P.O. Box 4511,+19703760495,+19703760495,Camping,Air Design,Pure 2,"White, Red, Green",EN-D,,H55486,5311,,,,M,UMR,76-070058,Gregory Kelley,"Karen Suing, Girlfriend",+17202533855,O(I)+,Confirmed,01.08.2015 20:30:01
60,Todd,Gray,toddmgray@gmail.com,01.03.1965,Male,USA,Lone Tree CO,+19173754157,+19173754157,,Ozone,Delta2,White-Blue,EN-C,,,26198,,Aerial - Ranch,,L,United Healthcare,911-87726-04,Todd Gray,Richard Gray,+5617755765,I don't know,Confirmed,03.08.2015 05:54:48
129,Rudi,Cronje,technicj@gmail.com,15.01.1976,Male,ZAF,"2 Mentz street, Benoni, 1501",+27828744099,,Camp at HQ,Ozone,Enzo,White,EN-D,,17121,23103,,Skobbejakke,,M,Discovery,452945350,Rudi Cronje,Stephanie Cronje,+009196913339,A(II)+,Confirmed,18.07.2015 21:16:55
73,Sylvain,Maeckelberghe,sylvaeck@hotmail.com,11.10.1977,Male,FRA,"9945 William Jones Circle, unit # 6, Anchorage, Alaska 99515",+19072230574,+19072230574,,Ozone,Mantra M6,"White, black, lime",EN-D,,,26862,91923,Arctic Air walkers,,M,Cigna,U46388747,,Celine maeckelberghe,+19073179922,O(I)+,Confirmed,19.07.2015 05:25:18
401,Andy,Macrae,info@bozemanparagliding.com,06.06.1976,Male,USA,1283 Crabapple DR,+14065812955,+14065812955,Camping,Gin ,Boom 10,Green,CCC,"Bozeman Paragliding, Super Fly",H69491,5299,69491,USHPA,US,L,Montana Health Co-op,907592918-01,Andrew Colin Macrae,Kristin Patterson,01-509-935-6902,I don't know,Confirmed,23.06.2015 20:57:32
23,Peloquin,Robert,cbobfly@aol.com,07.07.1954,Male,USA,"4380 Milpas St, Camarillo, CA 93012",+18053903308,,,Ozone,Alpina  2,blue white blue green,EN-C,ZUBAFly Paragliding Simulators,,5302,79409,,,XL,Anthem Blue Cross,lsa066a51555,Robert Lee Peloquin,Marian Peloquin,+18053908404,I don't know,Confirmed,24.06.2015 05:17:48
406,Robert,Brockie,rhbrockie@hotmail.com,28.02.1978,Male,USA,PO Box 161471,001-406-794-7448,,,Gin,GTO 2,Orange / White,EN-D,Bozeman Paragliding,90971,30392,,,,M,Pacific Source,2001089440,Robert Brockie,Rebecca Brockie,001-406-839-4797,O(I)+,Confirmed,26.03.2015 18:14:12
2,Andrew,Berkley,ajberkley@gmail.com,25.02.1975,Male,CAN,1374 Grant St. #304,+16047611428,,,Ozone,M6,White / Black / Green,EN-D,,89255,18186,,,,M,Sun Life Financial,101335,Andrew Berkley,Rachel Berkley,+1-510-846-9610,B(III)-,Confirmed,27.03.2015 14:11:17
101,David,Wheeler,davidrwheeler@gmail.com,25.04.1967,Male,USA,320 SE Andrews St. Apt A,206 465 3206,,,Ozone,Delta 2,Green,EN-C,Aerial Paragliding,H69203,1154,69203,NWPG,,M,Coordinated Care,00085713701,,Doug Stroop,509 782 6138,I don't know,Confirmed,29.03.2015 00:49:27
11,Josh,Cohn,jbcohn@gmail.com,30.11.1972,Male,USA,5808 Barrett Ave,+15102993701,,,Ozone,Enzo 2,Red/Yellow,EN-D,"Eagle PG, Flytec, Keen, Kavu",H53890,368,53890,BAPA,USA,M,Kaiser,11513172,Josh Cohn,Kaya Cohn (wife),+1-5104578145,A(II)-,Confirmed,27.03.2015 13:56:44
1959,Jeff,Slotta,jeffslotta@gmail.com,26.06.1959,Male,USA,21118 SE 137 pl,+64 022 021 7944,,,Ozone,Delta 2,"white, red, blue",EN-C,,90117,30136,,,,XL,group health,1996954,Jeffrey J. Slotta,Cheryl Slotta,+1-4255181913,I don't know,Confirmed,27.03.2015 04:06:15
71,Eric,Ams,mundial@gmail.com,29.07.1979,Male,USA,6437 Claremont Ave,+17033406340,,,Ozone,M6,red/black,EN-D,Motive Power,H87893,29176,87893,,,M,Blue Shield CA,XEC901587871,Eric Ams,"John Ams, Father",+7039893600,A(II)-,Confirmed,27.03.2015 17:37:30
1535,Fabian,Perez,fapv.xc@gmail.com,21.08.1977,Male,USA,3627 Rosecrest circle ,+19162471252,,,Ozone,Mantra 6,Orange & White,EN-D,,82620,10387,,,,L,CIGNA International,U4615148601,Fabian Perez,Martha Calderon,+1-7322497686,B(III)+,Confirmed,27.03.2015 23:08:20
721,Mike,Steed,steedfamily@hotmail.com,07.08.1952,Male,USA,"3286 NE Fremont St, Portland, OR 97212",1-541-760-0273,,,Ozone,Enzo 2,green/blue,CCC,"Conklin Chiropractic, Fly Above All, Eagle Paragliding",H58581,1153,58581,Cascade Paragliding Club,USA,XL,United Healthcare,844608653 group 227037,Mike Steed,"Paula Conklin, spouse",1-503-502-6635,A(II)+,Confirmed,27.03.2015 17:49:17
7,Julie,Spiegler,julie@juliegever.com,19.10.1959,Female,USA,"PO Box 370450, Montara, CA 94037",1-415-218-3237,,The Danger Trailer,Ozone,Delta 2,Orange/red/black,EN-C,Fifty Dangerous Things,71154,40259,54168,BAPA,,M,United Health Care Choice Plus,945006276,Julie Spiegler,"Gever Tulley, husband",415-218-0812,A(II)+,Confirmed,26.03.2015 21:02:55
77,Kirsten,Seeto,flykirst@gmail.com,08.03.1974,Female,AUS,2/16 Milner Cres,+61450887857,+12067473173,,Niviuk,Peak 3,Black and blue,EN-D,,,17627,,,,S,TBC,TBC,Kirsten Seeto,"Rachel Petraglia, Sister",+61412957038,B(III)+,Confirmed,01.04.2015 11:41:55
17,Steven,Young,young.stevenjohn@yahoo.com,20.07.1956,Male,USA,341 Middle,+16506194622,,,Nova,Triton 2,Orange,EN-C,,H62564,11335,62564,NCXC,,XXL,Aetna,W215519635,Steven Young,Mark Young,+1-4065816549,A(II)+,Confirmed,30.03.2015 19:00:22
8,Jeff,Williams,jeff@nate-ia.com,14.02.1965,Male,USA,"92562, USA, Murrieta, 39280 Redonda Mesa Road",+19513199957,+17144420574,Camping,Niviuk,Icepeak 8,Green and black,CCC,,115934,,62094,USHPA,,M,cigna,3335158,Jeff Williams,Yuko Williams,951-440-3017,O(I)-,Confirmed,30.03.2015 05:56:13
141,Eric,Reed,contigue@gmail.com,08.11.1969,Male,USA,1326 19th St,+14159710550,,,Ozone,Enzo2,Yellow,EN-D,Eagle,H67336,460,H67336,USA,USA,M,Blue Shield of California,XEAK00067699,Eric Reed,"Lee Mighdoll, friend",+1-4153070791,I don't know,Confirmed,01.04.2015 22:46:50
636,Cody,Mittanck,cody.mittanck@gmail.com,24.11.1981,Male,USA,14981 South Eagle Crest Dr,+18013672230,,,Ozone,Enzo 2,black/white,CCC,"Bozeman Paragliding, Superfly",H90515,29793,90515,USHPA,,L,Humana,9334A6,Cody Mittanck,Lindsey Kester,1-385-312-3938,I don't know,Confirmed,31.03.2015 21:57:34
3325,David,Platt,paraflywyo@gmail.com,19.12.1957,Male,USA,"PO Box 2098, Laramie,Wyoming 80273, USA",+13077608015,,,Ozone,M6,White/Black/Green,EN-D,,,27634,,RMHPA,,XL,NCE Premier Insurance,801002832,David K Platt,Debra A Platt,+1 307-760-8014,I don't know,Confirmed,05.04.2015 17:58:05
47,Reavis,Sutphin-Gray,reavis+airtribue.com@sutphin-gray.com,03.04.1982,Male,USA,810 Humboldt St,9098964993,4156848626,,Ozone,Mantra M6,White/Green/Black,EN-D,Fly Above All,H86094,23044,86094,Sonoma Wings,,L,Kaiser Permanente,10842007,Reavis Sutphin-Gray,David Gray,7072935384,I don't know,Confirmed,27.03.2015 18:06:41
512,Theodore (TJ),Sopher,phlysopher@gmail.com,14.03.1974,Male,USA,6207 NE 7th CT Renton WA 98059 USA,1-206-465-3738,,,Ozone,Delta 2,Black/Green/White,EN-C,,H85280,37812,85280,NWPC,,L,Premera,601015993,Theodore Sopher,Veronica Sopher,1-206-465-0273,A(II)+,Confirmed,30.03.2015 02:56:51
91,Chris,Amonson,regalith@yahoo.com,13.11.1972,Male,USA,10315 15th Ave NE,2065956073,,camping,Niviuk,P3,Orange,EN-D,me,75452H,5300,75452,Northwest Paragliding Club,,M,Premera,9513708,Christopher John Amonson,Patricia Hopper,2064509060,I don't know,Confirmed,07.04.2015 18:49:43
3456,Frank,Drews,fdrews65@yahoo.com,04.07.1965,Male,USA,"3432 S Crestwood Dr, Salt Lake City, UT 84109 USA",+18019406218,+18019406218,camping,Gin,Carrera,red ,EN-B,,,36784,77623,USHPA,,XL,University of Utah,5485856,Frank Drews,Monisha Pasupathi,+18019491807,I don't know,Confirmed,29.04.2015 18:16:27
95,Destin,Peters,destin_peters@hotmail.com,09.09.1972,Male,USA,PO BOX 9605,3076900498,,Browns,Niviuk,Peak 2,Black / Orange,EN-D,,H78172,9205,78172,Jackson Hole Free Flight Club,,L,BCBS of Wyoming,ZSA998072781,Destin Peters,Rachel Porterfield - Girlfriend,7045071274,I don't know,Confirmed,28.03.2015 17:55:03
1154,Bill,Mendenhall,billmendenhall@yahoo.com,27.11.1954,Male,USA,PO Box 771537,+19072503509,+19073348348,,Ozone,M4,White & Blue,DHV 2-3,My Wallet,,5280,H57574,Arctic Air Walkers,,L,Premera,601625320,William H Mendenhall,Kim Ruechel,+19079524937,A(II)+,Confirmed,21.04.2015 05:22:23
41,Bianca,Heinrich,bianca.heinrich@gmail.com,10.12.1973,Female,USA,273 Upland Road,+16178404726,,,Ozone,Delta 2,blue/white/orange,EN-C,,H75291,,,NEPHC,,M,BlueCross ClueShield of New Jersey,MKY3HZN34722190,Bianca Heinrich,Stephan Pfammatter,+16174709588,A(II)-,Confirmed,24.04.2015 01:02:59
0,Andrey,Yakimov,andandyak@gmail.com,15.02.1978,Male,USA,"1585 NE Iris St., Issaquah, WA 98029",206-356-5518,,,Ozone,M6,WBYR,EN-D,,H92672,40256,92672,,,M,will provide later,00000,ANDREY YAKIMOV,Owen Shoemaker (friend),12066041709,I don't know,Confirmed,26.03.2015 17:34:56
371,Brian,Webb,webbie@xckms.com,05.02.1956,Male,AUS,"3 Alpine View Ave, Bright, 3741",+61417530972,,,Niviuk,IP7P,Purple,EN-D,www.XCkms.com,22736,317,22736,NEVHGC,,L,Medicare,22736,Brian Webb,Barb Scott,+61408844224,A(II)-,Confirmed,28.03.2015 04:33:00
241,James,Bradley,arcanadana@gmail.com,20.04.1967,Male,USA,New York,+13237911191,,,GIN,Boomerang 10,Red,CCC,"Jessica, Super Fly, Flytec USA",H81591,20758,81591.0,Brace Mountain,Gin ,L,Empire Blue Cross Blue Shield,JLD315A61984,James Bradley,Josh Cohn,+1 510 299-3701,A(II)+,Confirmed,26.03.2015 17:36:27
35,Debbie,Vosevich,debrajvk@hotmail.com,22.04.1916,Female,USA,"95553 U.S.  Miranda, Ca.",707 223 2242,,,Ozone,Delta 2,"Black, lime, white",EN-C,,,16811,,RVHPA,,M,Anthem Blue Cross,VXB035A62221,Debbie Vosevich,"Tom Keller,  husband",+1 707 943 3516,O(I)+,Confirmed,31.03.2015 20:43:01
1961,Andrew,Forbes,andrew@activetherapies.com.au,22.12.1961,Male,AUS,"2576, Australia, Bowral, 51 Burradoo Road",+61408644218,+61408644218,TBA,Ozone,Mantra M6,Orange/White,EN-D,Active Therapies,,23564,2205198,Stanwell Park HG & PG Club,,M,Ouch Travel Insurance,TBA,Andrew Forbes,Mrs Lucy Forbes,+61403782137,I don't know,Confirmed,12.08.2015 13:40:18
300,Len,Szafaryn,briconsys@aol.com,10.10.1959,Male,USA,171 Rivo Alto Canal,+15626502535,+15626502535,Creekside Inn,UP,Trango XC3,white,EN-C,Eagle Paragliding,H65058,412,,,,S,Blue Cross,JQK772A61639,Len Szafaryn,Ken Tragarz,+19093229188,O(I)+,Confirmed,11.08.2015 17:50:03
123,Jiri,Richter,jiri_richter@hotmail.com,06.03.1974,Male,USA,"4001 31st AVE S, Seattle, WA, 98108",+14254170738,+14254170738,,Ozone,Rush 4,Blue/Green,EN-B,,H90368,45601,,NWPG,,L,LifeWiseWA,ZNG-101382260-01,Jiri Richter,Camille Alipio,+12062297110,I don't know,Confirmed,13.08.2015 04:43:46
202,jeff,wishnie,jeff@pacskyways.com,27.05.1970,Male,USA,"1819 SE 45th Ave, Portland, OR, 97215, USA",+15038939193,+14153773715,,Ozone,Mantra 6,Purple / White,EN-D,,H69364,4999,69364,USHPA,,XL,PacificSource,200314264,Jeffrey L Wishnie,"Denise Luk, spouse",+14156060083,AB(IV)+,Confirmed,27.03.2015 01:45:43
4,Mads,Crandal,crandal@mail.dk,24.08.1968,Male,DNK,"Flynderborgvej 5, DK - 3000 Helsingor",+4520474506,,Tent,777,King,Blue/black/white,EN-D,Cloudbase Services,2788,4253,2002,PG Nord,M&M,L,Sirius Aviation Insurance,20.083.900,Mads Crandal,Helen Crandal,+4522242647,O(I)-,Confirmed,17.08.2015 16:56:08
8326,Tom,Moock,tom.moock@gmail.com,13.04.1952,Male,USA,2667 E Skyview Ave,+15105792921,+15105792921,,Ozone,M6,red,EN-D,,H62497,900,62497,,,L,kaiser,08230062,Tom Moock,Ruth Townsend,+15599172717,O(I)+,Confirmed,19.08.2015 21:04:47
3141,Paul,Barron,partolan@anacortes.net,30.07.1953,Male,USA,"13266 Heart Lake Road, Anacortes, WA, 98221",+13609410204,+13609410204,camp,Ozone,M6,White/Black/Orange,EN-D,Partolan Designs,88749,,,,,M,Blue Cross,FIT 001044927,Paul Barron,Angie Partolan,+13603914559,O(I)+,Confirmed,25.08.2015 06:28:13
969,Ulric,Leblanc,ujleblanc@gmail.com,20.02.1970,Male,USA,69 Bridle Villa Dr,+19199439835,+19199439835,rv at tri county fairgrounds,ozone,m6,"white, black, maroon",EN-D,,,40254,,,,L,united healthcare,910120230,Ulric Leblanc,Greg Fackrell friend,+18017255918,I don't know,Confirmed,29.08.2015 21:01:01
117,Mads,Syndergaard,mads@syndergaard.dk,25.03.1968,Male,DNK,"Storegade 10, Husby",+4540838770,,,UP,To be confirmed,to be confirmed,Not certified,UP Paragliders,2769,334,1860,Paragliding Nord,,L,BAUTA,553982,Mads Syndergaard,Caroline Dietz,+4551906290,A(II)-,In progress,05.08.2015 09:16:04
1133,Gergely,Borocz,borocz.gergely@gmail.com,28.12.1978,Male,HUN,Pannonia u. 70. ,+36309193095,,,Ozone,Delta 2,Black-green,EN-C,,2717,3514,2717,SIRESZ,Mókus,XL,union,00112234,Gergely Borocz,Andras Borocz,+36302602648,B(III)+,In progress,14.05.2015 12:02:55
244,Freddy,Urrego,bugnuelo@hotmail.com,26.10.1979,Male,COL,calle26sur # 22-31,+5743361572,,,ozone,enzo 2,naranja - negro,EN-D,,98670128.0,25901,273-pg,Alto vuelo,,M,suramericana global,90- 883598,Milena Ochoa,Milena Ochoa,+57-43361572,AB(IV)+,In progress,19.05.2015 21:26:24
14,Jorge Luis,Garcia P,jorgeluisgp@gmail.com,14.01.1988,Male,VEN,5085 NW 7th Street,+13059886903,+13059886903,,Gin,Carrera,Yellow,EN-B,,27342,27342,P-266,,,L,Canarias,"8,63549E+11",Jorge Luis Garcia Palicio,Susana Alamo,+13059886903,A(II)+,In progress,05.08.2015 00:32:39
5,Jason,Shapiro,jason@airaddict.com,14.06.1965,Male,USA,"140 Flood Rd Auburn, CA 95603 USA",+15303061082,+15303061082,,Sky Paragliders,Argos,Blue/Grey,EN-C,Air Addict Paragliding,,,,,,L,VA,02250,Jason Shapiro,Lea Rathbun,+15308636486,I don't know,In progress,18.06.2015 06:06:56
109,Christopher,Langan,christopher@langan.net,30.10.1956,Male,USA,"POB 1954, Kamuela, HI 96743",+18089388663,+18089388663,,Ozone,LM5,White,EN-D,,118031,3038,H66208,,,L,HMSA,XLEH000000660763,Christopher Langan,Lee Langan,+4154206104,A(II)+,In progress,11.07.2015 21:43:21
977,Ashish,Gurung,ashish_gurung87@hotmail.com,25.09.1987,Male,NPL,"ramghat-10, pokhara, nepal",+9779816105161,+97761466340,home,ozone,delta-2,black with blue and white,DHV 2,FlyNepal,93531,42289,93531,Fly Nepal,Fly Nepal,S,himalayan insurance,123456,Ashish Gurung,Anil Gurung,9779846027862,O(I)+,In progress,26.05.2015 10:20:11
1221,Thom,Therrien,housedoctorthom@gmail.com,13.02.1963,Male,USA,961 Kahili Street,+18088643892,+18088643892,,Ozone,Delta 2,Purple Orange yellow,EN-C,,,,,Hawaii Paragliding Association,,L,HMSA,XLTR000030002166,Thomas Therrien,Donna Therrien,+18082913927,I don't know,In progress,01.08.2015 00:15:10
425,Scott,Gee,scotgeehawaii@gmail.com,02.10.1952,Male,USA,Box473 Paauilo Hi.,+18088541994,+18088541994,Camp,Niviuk,Peak,Black,EN-D,,,21346,,,,M,HMSA ,Xlxroooo25569054,John Prescott gee jr,Chris langan,+18089388663,O(I)+,In progress,01.08.2015 03:23:01
541,Neal,Michaelis,dawnpatrol1@mac.com,16.02.1967,Male,USA,"534 N Voluntario St, Santa Barbara, CA 93103",+13106995204,,,Gradient,Avax XC5,Red and white ,EN-D,,,641,69421,SBSA and TAF,,L,Anthem ,XDL300A63238,Neal Michaelis,Jen Bucck,+13109242167,A(II)+,In progress,02.08.2015 00:09:19
138,Tyler,Bradford,bradford.tj@gmail.com,29.10.1983,Male,USA,2554 Blitzen Rd,+18054030478,,,Ozone,M6,BLK,EN-D,,,,,,,XL,Anthem,B9087601,,Lacey Hill,+15305731491,I don't know,In progress,25.06.2015 03:41:31
4321,Russ,Detwiler,rldetwiler@gmail.com,22.09.1965,Male,USA,60 Murasaki St,+19494368915,+19494368915,,Nova,Mentor 3,Green,EN-B,,,,88623,Crest line Soaring Society,,XL,Kaiser Permanente,0018901353,Russell Detwiler,Linda Tacy,+19258958915,O(I)+,In progress,26.06.2015 02:43:03
555,Patrick,Murphy,patrixalot@gmail.com,19.08.1974,Male,USA,3184 E Barnwood Bay,+18313321987,+18313321987,,Ozone,Mantra M6,"White,Green,Black",EN-D,,85032,,,,,L,Regence Blue Cross,ZHL150021598,Patrick Murphy,Cara Murphy,+14359013877,A(II)-,In progress,27.05.2015 03:36:36
281,Silvio,Zugarini,silviozugarini@yahoo.co.uk,24.06.1970,Male,ITA,Plaza del Mar Caribe 4,+34-607483393,,,GIN,Boomerang 10,Kiwi,CCC,todovienedemibolsillo.com,2621.0,181,2721,Club Liga Centro,Liga Centro,M,AXA,14859303,Silvio Zugarini,Aga Korolczuk,+34-620552018,O(I)+,In progress,26.03.2015 17:46:54
88,Xavier,Berneda i Martin,xberneda@hotmail.com,11.06.1971,Male,ESP,"Garbi, 30",+34-610267909,+34938010454,hotel,Ozone,M6,White/Black/Orange,EN-D,Munich Sports,2954,17974,284,Alioth,MunichSports,L,Mapfre Spain,9876898,Francesc Xavier Berneda Martin,David Berneda Martin,+34-667726068,A(II)+,In progress,26.03.2015 19:40:49
116,Sam ,Crocker,samwise19@hotmail.com,05.01.1958,Male,USA,"box 1479, Medford, OR 97501",5037811795,,,Niviuk,IP6,"purple,white orange",EN-D,Sundog Paragliding,H76946,5270,,,,M,Aetna,ID#W2058 16927 GR#866219.30.001,Samuel Crocker,Janis Jackson - wife,503-504-4164 ,O(I)+,In progress,26.03.2015 17:30:21
111,Tim,ONeill,timo@biggovtsucks.com,18.12.1955,Male,USA,"1390 Kenneth Dr. Cambria, CA",805-458-1557,,,Gradient,Aspen 5,Yellow/Blue/White,EN-C,,,5283,,,,L,Aetna,444-122,,Mary O'Neill,805-927-1658,A(II)+,In progress,27.03.2015 01:29:25
777,Yogesh,Bhattarai,bhattaraiyogesh26@gmail.com,10.04.1985,Male,NPL,"Pokhara-6, Nepal",+977-9856021780,+977-9816601234,Self,Nova,Triton 2,Gold,EN-C,Paranova Nepal,,23603,,NAA,Team Nepal,XXL,Himalayan General Insurance,1234,Yogesh Bhattarai,Sujana Bhattarai Wife,+977-61-465434,B(III)+,In progress,27.03.2015 05:30:09
1111,Brad,Gunnuscio,bradgunn@hotmail.com,02.09.1975,Male,USA,#9 e manilla cir,8017070508,,dont know ,Ozone,Enzo 2,blue/green,EN-D,"sivclinic.com,eagle,flytec",h-69507,953,69507,uhgpga,usa,XL,n/a,na,Brad Gunnuscio,Marry Ann Gunnuscio,8012953773,A(II)+,In progress,27.03.2015 17:04:19
1019,Anish,Bhattarai,anis.bhattarai@gmail.com,15.08.1994,Male,NPL,pokhara 6 kaski,9805862663,,,ozone,Delta 2,green white and black,EN-C,,,42224,,,,L,shikhar insurance,00675342,,Saroj Bhattarai,9856026541,A(II)+,In progress,27.03.2015 15:05:50
66,Michal,Hammel,mhammel@lbl.gov,29.12.1974,Male,USA,7086 Marlborough Ter,+1-5104576317,,,Ozone,Enzo2,yellow,EN-D,"Bozeman Paragliding, Eagle paragliding",H85786,3116,,,,L,Kaiser Permanente,12712694,Michal Hammel,Teresa Kong,+1-5103266174,I don't know,In progress,27.03.2015 17:23:30
42,Russell,Croman,rcroman@me.com,10.12.1968,Male,USA,204 Bridges Lane,+15127759078,,,Ozone,Alpina2,Red/Blue,EN-C,,,,,,,M,UnitedHealth,945710384,Russell Croman,Stephanie Croman,+15127859078,A(II)-,In progress,26.03.2015 18:26:27
27,Jugdeep,Aggarwal,scpjka@gmail.com,18.10.1967,Male,USA,122 COALINGA WAY,8315668652,,,Niviuk,Peak 3,blue/grey,EN-D,Flymaster-USA,H80348,5304,80348,me,NCXC,M,Anthem Blue Cross,JQM090A75440,Jugdeep Aggarwal,Suzanne Cunningham,408 819 4726,I don't know,In progress,27.03.2015 21:58:39
15,Andrew,Rayhill,AndrewTR30@yahoo.com,01.12.1969,Male,USA,3150 E Beardsley Rd #1106,480-221-9969,,,Nova,Factor 2,Red/Yellow,EN-C,,,29802,86919,AZHPA,,L,Banner Health,123456,Andrew Rayhill,Ivana Lozar,480-254-3588,A(II)+,In progress,29.03.2015 04:50:17
818,Mitchell,Riley,mitchriley88@gmail.com,29.05.1984,Male,USA,6 ashley ave,+1-7863257245,8779805825201,Tent,Ozone,Enzo2,"yellow, red",EN-D,,85839,23796,85839,none,none,M,World nomads,86745,Mitchell Riley,Shardel Riley,4359012842,I don't know,In progress,31.03.2015 01:18:43
999,Foster,Winter,paraglyde@gmail.com,06.10.1957,Male,USA,"301 Avenida Atezada, Redondo Beach, CA 90277",+13109999771,,,Ozone,Delta 2,Orange & Blue,EN-C,,H56731,9541,56731,Sylmar Hang Gliding Assoc.,,XL,Blue Shield,XED902606910,Foster Winter,"Karen Winter, wifey",310-999-9772,A(II)+,In progress,29.03.2015 19:01:20
188,Oleksii,Boiarchuck,freebird21@yandex.ua,18.06.1988,Male,UKR,Kiev,093 914 29 80,,,Aeros,Mirage,Black and White,EN-C,,UKR-PG-0421,11780,,,,M,G,G,Алексей,Aleksandr,093 914 29 80,O(I)+,In progress,02.04.2015 19:37:16
1234,Ameet,Thapa,ameet_thapa@hotmail.com,01.01.1986,Male,NPL,"Lakeside-6, Pokahar, Nepal",+977-9846030627,,Self,Nova,Factor 2,Red,DHV 2,Paranova,,,123,,,S,Himalayan general insurance,12345,Ameet,Paranova,+977-61-465434,A(II)+,In progress,11.04.2015 03:42:03
69,Ken,Manatt,kzadar@gmail.com,07.02.1960,Male,USA,9619 Crystal View ,+18186340415,,camping,WW,T2C-136,Orange/Yellow/RoyalBlue/DarkBlue,EN-B,Westgard Pass Elks Lodge / Toms Place,,,,,,L,Kaiser,0009449501,Ken Manatt,Nina Gilberte,+18186718206,A(II)+,In progress,03.08.2015 20:35:12
911,Mathieu,Vermeil,mathieuvermeil@yahoo.fr,03.10.1959,Male,FRA,845 av mt arbois,+33686414403,,,ozone,M6,blue,EN-D,,1059VM,5498,74710,,,XXL,ffvl,74715L,mathieu vermeil ,chistophe pianfetti,+33-616431266,O(I)-,In progress,27.04.2015 08:37:45
100,Jason,Ely,elyjason@gmail.com,20.03.1985,Male,USA,"514 Cheyenne St, Golden CO 80403",303-800-7572,,Roldanillo,Ozone,Mantra 6,Red-Yellow-White,EN-D,www.paraglidetandem.com,,26620,,RMHPA,,L,Blue Cross/Blue Shield,7094592,Jason Ely,Peta Sheridan,360-635-2324,I don't know,In progress,06.04.2015 03:11:32
99,William,DeLey,williamgdeley@gmail.com,22.11.1967,Male,USA,"579 28th street, San Francisco, CA 94131",415 515 0945,,,Ozone,Mantra 6,Blue Yellow,EN-D,,84752,25367,,,,L,BlueShield,"Group 975882, ID AZYJ00871240",William DeLey,Claudia DeLey,(415) 756 3860,I don't know,In progress,07.04.2015 19:00:20
1219,Lisa,Dickinson,catiwompus@hotmail.com,19.12.1979,Female,USA,605 N Grand,+14065700669,,camping,Ozone,Delta 2,Blue,EN-C,"Eagle Paragliding, Bozeman Paragliding",H86721,32169,86721,Bozeman Paragliding,,XS,Blue Cross/ Blue Sheild,YDG928031785,Lisa Marie Dickinson,Amy Kohler,0018016528116,O(I)-,In progress,04.04.2015 15:59:48
696,Iamina,Ilea,iaminailea@yahoo.com,02.03.1982,Female,ROU,"B-dul 1 Dec. 1918, 213/21",+40748270780,,Camping,AirDesign,Volt Superlight,"White, red, yellow, blue",DHV 2,MuresFly,21760,21760,727,MuresFly,,S,EuroIns,243,Ilea Iamina Camelia,Ilea Camelia,+40-744246985,A(II)+,In progress,17.04.2015 16:36:00
58,Ramraj,Gautam,paraglidingcloudbase@gmail.com,21.06.1986,Male,NPL,pokhara 6 lakeside,+9779846029364,+97761466314,my salf,Ozone,delta 2,"blue ,white green",DHV 2,Cloudbase paragliding ,19079,19079,AppI,cloudbase paragliding,Nepal,M,Himalayan General Insurance co.ltd,KTM/PL/11/14/15/070111,Ramraj gautam,Thakur prasad gautam father,+009779846041838,O(I)+,In progress,28.05.2015 07:05:28
303,michael jobin,jobin,michaeljobin@gmail.com,31.08.1973,Male,USA,1430 s. newton denver CO 80219,+13033499721,+13033499721,hostel,niviuk,icepeak 8,green/ black,CCC,none,82866,27443,82866,rmhpa,colorado,L,kaiser permanente,427278934,michael allan jobin,kimberly wetch,+13038190872,A(II)-,In progress,29.07.2015 14:42:24
59,Damodar,parajuli,flyram@hotmail.com,01.11.1985,Male,NPL,"pokhara-6,lakeside",+9779846050186,+97761466163,my salf,niviuk,icepeak 7, green and black ,DHV 3,Blue sky paragliding,19907,19907,APPI,NAA,nepal,M,Himalaysn General Insurance co. LTD,01041106/00770061,Damoder parajuli,Arati parajuli wife ,+977061464737,O(I)+,In progress,29.05.2015 13:30:06
12,Rebati,raman pahari,rebatipahari@gmail.com,24.08.1984,Male,NPL,pokhara 6 nepal,+9779846050553,+9779806646546,my salf,nk,artik 4,red white ,EN-C,blue sky paragliding ,45067,45067,10172,NAA,nepal,XXS,himalayan general insurance,KTM/PL/11/14/15/070111,REBATI RAMAN PAHARI ,Renu pahari,+9779806646546,O(I)+,In progress,02.07.2015 10:57:27
10,Frank,Henriquez,henrfrank@gmail.com,09.01.1967,Male,USA,803 NE 95 ST,+12069408931,+12069408931,,Niviuk,Icepeak 7 Pro,Purple,EN-D,Eagle Paragliding,H75590,13733,USHPA #75590,,,M,United Healthcare,911-87726-04,Frank Henriquez,Denise Stecconi,+12069405217,O(I)+,In progress,25.04.2015 15:05:26
171,Brendan,McGugin,mcguginb@gmail.com,13.02.1984,Male,USA,173 E Irisfield Dr,+18014506030,+18014506030,Camping,Niviuk,Icepeak 6,purple,EN-D,,,10137,82972,USHPA,,L,Select Health,801128080,Brendan McGugin,Beth Spletter,+7158899065,O(I)+,In progress,10.05.2015 01:14:51
6666,Torsten,Siegel,torstensiegel@web.de,21.01.1969,Male,DEU,"M5S 2P2, Canada, Toronto, Lippincott Street 119",+491702880906,,,GIN GLIDERS,Boomerang 10,"red, black, white",CCC,"GIN GLIDERS, Edelrid, pets Premium",GER-0180,299,,,,L,DHV,15490,Torsten Siegel,Rani Beharry-Siegel,+1-6472379068,A(II)+,In progress,23.04.2015 17:04:24
1174,Gurpreet,Dhindsa,gurpreet.paraguru@gmail.com,25.02.1966,Male,IND,"398/4, civil lines",+919816525205,,,niviuk,ice peak 8,white,DHV 2-3,www.pgindia.net/gurukul,22,3545,22,PG gurukul,,XL,HCC, I91045649,Gurpreet Singh Dhindsa,Ravneet Chahal,+91-9779789688,B(III)-,In progress,04.05.2015 17:11:09
800,Shahin,Fallah,shahin_fallah@yahoo.com,21.09.1982,Male,IRN,"IRAN,TEHRAN,Ejazi,zanbagh,No. 3",+989124412353,,?,GIN,B10,Red,CCC,,IRIPG-2012-137,23414,4284429477,,IRAN,XL,IRAN,987498765,شاهین فلاح,MOJTABA FALLAH,+989121831519,O(I)+,In progress,05.05.2015 07:31:54
1,Aaron,Price,aaron.colby.price@gmail.com,24.01.1980,Male,CAN,7925 Variel Ave,16263945530,,,Ozone,Delta 2,"Black, Green, Blue",EN-C,SoCal XC League,,,,SoCal XC League,Team SoCal,M,Cigna,U4871185901,Aaron Price,Laura Rice,1-310-977-4978,O(I)+,In progress,26.03.2015 18:17:45
44,Greg,Didriksen,greg.didriksen@yahoo.com,04.08.1973,Male,USA,"PO Box 546, Lotus, CA 95651",+15303200181,+15303200181,camping at fairgrounds,Gin,Carrera,Blue,EN-B,,89428,89428,89428,ARFF,,XL,Nevada Health co-op,100200000084152,Greg Didriksen,Kristiana Spaulding,+1-5302959299,I don't know,In progress,27.03.2015 17:35:38
515,Matthew,Paine,mnpaine@gmail.com,12.10.1979,Male,USA,515 S BLACK AVE,+14062236198,+14062236198,Hobo,Gin,GTO2,Orange,EN-C,Bozeman Paragliding,,,89807,,,L,Blue Cross Blue Shield,YDK928015807,Matthew Paine,Andrew MacRae,+14065812955,A(II)+,In progress,07.06.2015 16:49:03
114,Jovan,Severov,severoff@yahoo.com,29.06.1970,Male,MKD,Todor Hristov Oficerceto 4,+38970225518,,,NIVUK,ICEPEAK 6,yellow - white - blue,EN-D,Capry Caffe,141/06,3377,154/0941,AQUILA,,XL,AD OSIGURITELNA POLISA,155887,Јован Северов,Snezana Severova,+389-70216736,A(II)-,In progress,22.08.2015 12:45:36
191,Anastasiia,Engelson,engelson.ao@gmail.com,16.08.1986,Female,RUS,188664,+79650005311,+79650005311,Camping ,Ozone,Alpina 2,Grey/Green,EN-C,,3505,40734,40734,SkyStream,Ozone ,L,Advante Insurance,+7 (812) 242-77-45,Anastasiia Engelson,Mikhail Engelson,+79217799540,O(I)+,In progress,24.08.2015 23:53:44
1882,DANIEL ANTONIO,SANCHEZ PENA,altadrenalinatour@yahoo.com,01.09.1977,Male,VEN,AV WASHINGTON RES ARAGUANEY PISO 8 APTO 8-H EL PARAISO,+584142894756,,,NIVIUK,Peak 3,diamond,DHV 2-3,IND ,284,284,P076,ORIPOTO,,M,cualitas,5 715 938 795,571598795,ROSSELY RAMIREZ,+58-4141541502,O(I)+,In progress,25.08.2015 17:50:49
1337,Owen,Shoemaker,oshoemaker@gmail.com,06.12.1979,Male,USA,3114 15th Ave S,+12066041709,,,Ozone,M6,White/purple/black,EN-D,,H92448,40252,,NWPC,,M,Anthem Blue Cross,448594,Owen Shoemaker,Ed Shoemaker,+1-4256813532,I don't know,Waiting for payment,26.03.2015 22:08:02
543,Peter,Hill,peter.j.hill@live.com,15.11.1969,Male,USA,2249 Warmlands Ave,+12484941755,+12484941755,,Ozone,Delta 2,Black/Red/Yellow,EN-C,,00000,40258,85476,San Diego ,,L,aetna,W202529697,Peter J Hill,Sylvia Becker Hill,+12486138965,O(I)+,Waiting for payment,18.06.2015 21:11:26
529,Neil,Hansen,neilhansen557@comcast.net,29.05.1957,Male,USA,557 Hillside Circle,+18013687985,+18018368800,RV Park,UP,Trango XC3,Blue and Orange,EN-C,NA,H87926,29432,Na,Utah Hang Gliding and Paragliding Association,unk,M,Tricare,7629,Neil Hansen,Sharon Hansen,8018368800,O(I)+,Waiting for payment,04.04.2015 21:20:04
513,Krista,Auchenbach,auchenbach@gmail.com,10.01.1985,Female,USA,1827 Florida Ave NW #301,+14122873495,,TBD,U-Turn,Blacklight,Green,EN-B,,P-22978,40484,91012,USHPA,,S,Blue Cross Blue Shield,R59672920,Krista Zanchetta Auchenbach,Leah Auchenbach,+1-4122873494,O(I)+,Qualified,11.04.2015 18:22:40
1948,Alvin,Rains,four_alvin@yahoo.com,23.08.1948,Male,USA,"5148 Komatite Ct, Sparks NV 89436",+17756360962,,,Nova,Mentor 3,BL/OR/WH,EN-B,US Taxpayers,,,,,,L,aetna,W1783 31130,Alvin Rains,Greta Rains,+17024984201,A(II)+,Qualified,31.05.2015 18:12:36
2700,RT Zak,Hargraves,zak@frontier.net,25.04.1953,Male,USA,550 East 30th Street,+19707991111,+19707991111,TBD,UP,Trango XC,Grn/Blk/Wht,EN-D,Leviathan Ltd,,25274,,,,L,Comfenalco Valle,20140117,RT Zak Hargraves,Amber Hargraves,+13603932078,I don't know,Qualified,02.06.2015 16:18:53
996,zsuzsa,akos,akoszsuzs@gmail.com,08.03.1980,Female,HUN,"91601, USA,CA, North Hollywood, Strohm Ave, 5637, Apt5",+19133753217,+19133753217,tent,axis,vega 4,red-white,EN-C,,ushpa 94660,2466,94660,,,M,parduc,CIGNA HMO,zsuzsa akos,gergely gati,+9133757333,B(III)+,Waiting list,27.08.2015 04:11:58
